Ticket,Date,Timezone,Transaction,Details,Instrument,Price,Units,Direction,Spread Cost,Stop Loss,Guaranteed Stop Loss,Take Profit,Trailing Stop,Financing,Commission,GSL Fee,GSL Premium,P/L,Amount,Balance
1,2/6/2020 7:53,CST,CREATE,,,,,,,,,,,,,,,,,
2,2/6/2020 7:53,CST,CLIENT_CONFIGURE,,,,,,,,,,,,,,,,,
3,2/6/2020 7:56,CST,TRANSFER_FUNDS,,,,,,,,,,,,,,,,5000,5000
4,2/11/2020 22:10,CST,MARKET_ORDER,CLIENT_ORDER,USD/MXN,,250,Buy,,18.63217,,18.66217,,,,,,,,
5,2/11/2020 22:10,CST,ORDER_FILL,MARKET_ORDER,USD/MXN,18.64717,250,Buy,0.0407,,,,,0,0,0,,0,,5000
6,2/11/2020 22:10,CST,TAKE_PROFIT_ORDER,ON_FILL,,18.66217,,,,,,,,,,,,,,
7,2/11/2020 22:10,CST,STOP_LOSS_ORDER,ON_FILL,,18.63217,,,,,,,,,,,,,,
8,2/11/2020 22:18,CST,MARKET_ORDER,CLIENT_ORDER,EUR/USD,,100,Sell,,1.11149,,0.94149,,,,,,,,
9,2/11/2020 22:18,CST,ORDER_FILL,MARKET_ORDER,EUR/USD,1.09149,100,Sell,0.007,,,,,0,0,0,,0,,5000
10,2/11/2020 22:18,CST,TAKE_PROFIT_ORDER,ON_FILL,,0.94149,,,,,,,,,,,,,,
11,2/11/2020 22:18,CST,STOP_LOSS_ORDER,ON_FILL,,1.11149,,,,,,,,,,,,,,
12,2/11/2020 22:21,CST,MARKET_ORDER,CLIENT_ORDER,AUD/USD,,200,Buy,,0.67273,,0.67343,,,,,,,,
13,2/11/2020 22:21,CST,ORDER_FILL,MARKET_ORDER,AUD/USD,0.67293,200,Buy,0.011,,,,,0,0,0,,0,,5000
14,2/11/2020 22:21,CST,TAKE_PROFIT_ORDER,ON_FILL,,0.67343,,,,,,,,,,,,,,
15,2/11/2020 22:21,CST,STOP_LOSS_ORDER,ON_FILL,,0.67273,,,,,,,,,,,,,,
16,2/11/2020 22:43,CST,ORDER_FILL,STOP_LOSS_ORDER,AUD/USD,0.6727,200,Sell,0.014,,,,,0,0,0,,-0.046,,4999.95
17,2/11/2020 22:43,CST,ORDER_CANCEL,LINKED_TRADE_CLOSED,,,,,,,,,,,,,,,,
18,2/12/2020 1:19,CST,ORDER_FILL,STOP_LOSS_ORDER,USD/MXN,18.63191,250,Sell,0.0412,,,,,0,0,0,,-0.2048,,4999.74
19,2/12/2020 1:19,CST,ORDER_CANCEL,LINKED_TRADE_CLOSED,,,,,,,,,,,,,,,,
20,2/12/2020 16:00,CST,DAILY_FINANCING,,,,,,,,,,,0.014,,,,,,4999.76
,2/12/2020 16:00,CST,DAILY_FINANCING,TradeID: 9,EUR/USD,,,,,,,,,0.014,,,,,,
21,2/12/2020 19:55,CST,MARKET_ORDER,CLIENT_ORDER,USD/ZAR,,150,Buy,,14.7,,15,,,,,,,,
22,2/12/2020 19:55,CST,ORDER_FILL,MARKET_ORDER,USD/ZAR,14.87231,150,Buy,0.103,,,,,0,0,0,,0,,4999.76
23,2/12/2020 19:55,CST,TAKE_PROFIT_ORDER,ON_FILL,,15,,,,,,,,,,,,,,
24,2/12/2020 19:55,CST,STOP_LOSS_ORDER,ON_FILL,,14.7,,,,,,,,,,,,,,
25,2/13/2020 7:25,CST,MARKET_ORDER,CLIENT_ORDER,GBP/USD,,200,Buy,,1.30261,,1.30461,,,,,,,,
26,2/13/2020 7:25,CST,ORDER_FILL,MARKET_ORDER,GBP/USD,1.30371,200,Buy,0.013,,,,,0,0,0,,0,,4999.76
27,2/13/2020 7:25,CST,TAKE_PROFIT_ORDER,ON_FILL,,1.30461,,,,,,,,,,,,,,
28,2/13/2020 7:25,CST,STOP_LOSS_ORDER,ON_FILL,,1.30261,,,,,,,,,,,,,,
29,2/13/2020 7:29,CST,MARKET_ORDER,CLIENT_ORDER,USD/MXN,,50,Buy,,18.61953,,18.64,,,,,,,,
30,2/13/2020 7:29,CST,ORDER_FILL,MARKET_ORDER,USD/MXN,18.6294,50,Buy,0.0081,,,,,0,0,0,,0,,4999.76
31,2/13/2020 7:29,CST,TAKE_PROFIT_ORDER,ON_FILL,,18.64,,,,,,,,,,,,,,
32,2/13/2020 7:29,CST,STOP_LOSS_ORDER,ON_FILL,,18.61953,,,,,,,,,,,,,,
33,2/13/2020 7:29,CST,ORDER_FILL,STOP_LOSS_ORDER,USD/MXN,18.6175,50,Sell,0.0202,,,,,0,0,0,,-0.032,,4999.73
34,2/13/2020 7:29,CST,ORDER_CANCEL,LINKED_TRADE_CLOSED,,,,,,,,,,,,,,,,
35,2/13/2020 7:54,CST,ORDER_FILL,STOP_LOSS_ORDER,GBP/USD,1.30261,200,Sell,0.017,,,,,0,0,0,,-0.22,,4999.51
36,2/13/2020 7:54,CST,ORDER_CANCEL,LINKED_TRADE_CLOSED,,,,,,,,,,,,,,,,
37,2/13/2020 16:00,CST,DAILY_FINANCING,,,,,,,,,,,0,,,,,,4999.51
,2/13/2020 16:00,CST,DAILY_FINANCING,TradeID: 9,EUR/USD,,,,,,,,,0,,,,,,
,2/13/2020 16:00,CST,DAILY_FINANCING,TradeID: 22,USD/ZAR,,,,,,,,,0,,,,,,
38,2/14/2020 16:00,CST,DAILY_FINANCING,,,,,,,,,,,-0.0267,,,,,,4999.48
,2/14/2020 16:00,CST,DAILY_FINANCING,TradeID: 9,EUR/USD,,,,,,,,,0.0035,,,,,,
,2/14/2020 16:00,CST,DAILY_FINANCING,TradeID: 22,USD/ZAR,,,,,,,,,-0.0302,,,,,,
39,2/14/2020 20:53,CST,LIMIT_ORDER,CLIENT_ORDER,USD/MXN,18.53379,100,Sell,,18.63379,,18.43379,,,,,,,,
40,2/15/2020 16:00,CST,DAILY_FINANCING,,,,,,,,,,,0,,,,,,4999.48
,2/15/2020 16:00,CST,DAILY_FINANCING,TradeID: 9,EUR/USD,,,,,,,,,0,,,,,,
,2/15/2020 16:00,CST,DAILY_FINANCING,TradeID: 22,USD/ZAR,,,,,,,,,0,,,,,,
41,2/16/2020 16:00,CST,DAILY_FINANCING,,,,,,,,,,,0,,,,,,4999.48
,2/16/2020 16:00,CST,DAILY_FINANCING,TradeID: 9,EUR/USD,,,,,,,,,0,,,,,,
,2/16/2020 16:00,CST,DAILY_FINANCING,TradeID: 22,USD/ZAR,,,,,,,,,0,,,,,,
42,2/16/2020 16:54,CST,ORDER_FILL,LIMIT_ORDER,USD/MXN,18.53401,100,Sell,0.0649,,,,,0,0,0,,0,,4999.48
43,2/16/2020 16:54,CST,TAKE_PROFIT_ORDER,ON_FILL,,18.43379,,,,,,,,,,,,,,
44,2/16/2020 16:54,CST,STOP_LOSS_ORDER,ON_FILL,,18.63379,,,,,,,,,,,,,,
45,2/16/2020 18:56,CST,MARKET_ORDER,CLIENT_ORDER,USD/MXN,,100,Buy,,18.3,,18.9,,,,,,,,
46,2/16/2020 18:56,CST,ORDER_FILL,MARKET_ORDER,USD/MXN,18.5514,100,Buy,0.0173,,,,,0,0,0,,0,,4999.48
47,2/16/2020 18:56,CST,TAKE_PROFIT_ORDER,ON_FILL,,18.9,,,,,,,,,,,,,,
48,2/16/2020 18:56,CST,STOP_LOSS_ORDER,ON_FILL,,18.3,,,,,,,,,,,,,,
49,2/16/2020 18:57,CST,MARKET_ORDER,CLIENT_ORDER,NZD/USD,,100,Sell,,0.66321,,0.62321,,,,,,,,
50,2/16/2020 18:57,CST,ORDER_FILL,MARKET_ORDER,NZD/USD,0.64321,100,Sell,0.007,,,,,0,0,0,,0,,4999.48
51,2/16/2020 18:57,CST,TAKE_PROFIT_ORDER,ON_FILL,,0.62321,,,,,,,,,,,,,,
52,2/16/2020 18:57,CST,STOP_LOSS_ORDER,ON_FILL,,0.66321,,,,,,,,,,,,,,
53,2/17/2020 8:07,CST,ORDER_FILL,TAKE_PROFIT_ORDER,USD/ZAR,15,150,Sell,0.0305,,,,,0,0,0,,1.2764,,5000.76
54,2/17/2020 8:07,CST,ORDER_CANCEL,LINKED_TRADE_CLOSED,,,,,,,,,,,,,,,,
55,2/17/2020 16:00,CST,DAILY_FINANCING,,,,,,,,,,,-0.0041,,,,,,5000.75
,2/17/2020 16:00,CST,DAILY_FINANCING,TradeID: 9,EUR/USD,,,,,,,,,0.0034,,,,,,
,2/17/2020 16:00,CST,DAILY_FINANCING,TradeID: 46,USD/MXN,,,,,,,,,-0.0174,,,,,,
,2/17/2020 16:00,CST,DAILY_FINANCING,TradeID: 42,USD/MXN,,,,,,,,,0.0112,,,,,,
,2/17/2020 16:00,CST,DAILY_FINANCING,TradeID: 50,NZD/USD,,,,,,,,,-0.0013,,,,,,
56,2/18/2020 2:45,CST,ORDER_FILL,STOP_LOSS_ORDER,USD/MXN,18.63389,100,Buy,0.0164,,,,,0,0,0,,-0.5362,,5000.22
57,2/18/2020 2:45,CST,ORDER_CANCEL,LINKED_TRADE_CLOSED,,,,,,,,,,,,,,,,
58,2/18/2020 13:23,CST,MARKET_ORDER,CLIENT_ORDER,USD/MXN,,500,Buy,,18.4,,18.8,,,,,,,,
59,2/18/2020 13:23,CST,ORDER_FILL,MARKET_ORDER,USD/MXN,18.59075,500,Buy,0.0477,,,,,0,0,0,,0,,5000.22
60,2/18/2020 13:23,CST,TAKE_PROFIT_ORDER,ON_FILL,,18.8,,,,,,,,,,,,,,
61,2/18/2020 13:23,CST,STOP_LOSS_ORDER,ON_FILL,,18.4,,,,,,,,,,,,,,
62,2/18/2020 16:00,CST,DAILY_FINANCING,,,,,,,,,,,-0.1052,,,,,,5000.11
,2/18/2020 16:00,CST,DAILY_FINANCING,TradeID: 9,EUR/USD,,,,,,,,,0.0035,,,,,,
,2/18/2020 16:00,CST,DAILY_FINANCING,TradeID: 46,USD/MXN,,,,,,,,,-0.0179,,,,,,
,2/18/2020 16:00,CST,DAILY_FINANCING,TradeID: 59,USD/MXN,,,,,,,,,-0.0896,,,,,,
,2/18/2020 16:00,CST,DAILY_FINANCING,TradeID: 50,NZD/USD,,,,,,,,,-0.0012,,,,,,
63,2/19/2020 16:00,CST,DAILY_FINANCING,,,,,,,,,,,-0.3114,,,,,,4999.8
,2/19/2020 16:00,CST,DAILY_FINANCING,TradeID: 9,EUR/USD,,,,,,,,,0.0109,,,,,,
,2/19/2020 16:00,CST,DAILY_FINANCING,TradeID: 46,USD/MXN,,,,,,,,,-0.0531,,,,,,
,2/19/2020 16:00,CST,DAILY_FINANCING,TradeID: 59,USD/MXN,,,,,,,,,-0.2655,,,,,,
,2/19/2020 16:00,CST,DAILY_FINANCING,TradeID: 50,NZD/USD,,,,,,,,,-0.0037,,,,,,
64,2/20/2020 7:12,CST,MARKET_ORDER,CLIENT_ORDER,EUR/USD,,500,Buy,,0.77895,,1.37895,,,,,,,,
65,2/20/2020 7:12,CST,ORDER_FILL,MARKET_ORDER,EUR/USD,1.07895,500,Buy,0.03,,,,,0,0,0,,0,,4999.8
66,2/20/2020 7:12,CST,TAKE_PROFIT_ORDER,ON_FILL,,1.37895,,,,,,,,,,,,,,
67,2/20/2020 7:12,CST,STOP_LOSS_ORDER,ON_FILL,,0.77895,,,,,,,,,,,,,,
68,2/20/2020 7:18,CST,MARKET_ORDER,CLIENT_ORDER,USD/CNH,,100,Buy,,6.9789,,7.107,,,,,,,,
69,2/20/2020 7:18,CST,ORDER_FILL,MARKET_ORDER,USD/CNH,7.0389,100,Buy,0.0072,,,,,0,0,0,,0,,4999.8
70,2/20/2020 7:18,CST,TAKE_PROFIT_ORDER,ON_FILL,,7.107,,,,,,,,,,,,,,
71,2/20/2020 7:18,CST,STOP_LOSS_ORDER,ON_FILL,,6.9789,,,,,,,,,,,,,,
72,2/20/2020 7:39,CST,MARKET_ORDER,CLIENT_ORDER,USD/DKK,,100,Sell,,6.94576,,6.88576,,,,,,,,
73,2/20/2020 7:39,CST,ORDER_FILL,MARKET_ORDER,USD/DKK,6.9157,100,Sell,0.0106,,,,,0,0,0,,0,,4999.8
74,2/20/2020 7:39,CST,TAKE_PROFIT_ORDER,ON_FILL,,6.88576,,,,,,,,,,,,,,
75,2/20/2020 7:39,CST,STOP_LOSS_ORDER,ON_FILL,,6.94576,,,,,,,,,,,,,,
76,2/20/2020 8:17,CST,MARKET_ORDER,CLIENT_ORDER,EUR/USD,,100,Sell,,1.09105,,1.07105,,,,,,,,
77,2/20/2020 8:17,CST,ORDER_FILL,MARKET_ORDER,EUR/USD,1.08105,100,Sell,0.005,,,,,0,0,0,,0,,4999.8
78,2/20/2020 8:17,CST,TAKE_PROFIT_ORDER,ON_FILL,,1.07105,,,,,,,,,,,,,,
79,2/20/2020 8:17,CST,STOP_LOSS_ORDER,ON_FILL,,1.09105,,,,,,,,,,,,,,
80,2/20/2020 8:26,CST,MARKET_ORDER,CLIENT_ORDER,USD/CNH,,100,Sell,,7.06094,,7.01094,,,,,,,,
81,2/20/2020 8:26,CST,ORDER_FILL,MARKET_ORDER,USD/CNH,7.03594,100,Sell,0.0098,,,,,0,0,0,,0,,4999.8
82,2/20/2020 8:26,CST,TAKE_PROFIT_ORDER,ON_FILL,,7.01094,,,,,,,,,,,,,,
83,2/20/2020 8:26,CST,STOP_LOSS_ORDER,ON_FILL,,7.06094,,,,,,,,,,,,,,
84,2/20/2020 8:27,CST,MARKET_ORDER,CLIENT_ORDER,USD/JPY,,100,Sell,,113.106,,110.106,,,,,,,,
85,2/20/2020 8:27,CST,ORDER_FILL,MARKET_ORDER,USD/JPY,112.106,100,Sell,0.0054,,,,,0,0,0,,0,,4999.8
86,2/20/2020 8:27,CST,TAKE_PROFIT_ORDER,ON_FILL,,110.106,,,,,,,,,,,,,,
87,2/20/2020 8:27,CST,STOP_LOSS_ORDER,ON_FILL,,113.106,,,,,,,,,,,,,,
88,2/20/2020 9:36,CST,ORDER_FILL,TAKE_PROFIT_ORDER,USD/MXN,18.80002,500,Sell,0.0471,,,,,0,0,0,,5.5646,,5005.36
89,2/20/2020 9:36,CST,ORDER_CANCEL,LINKED_TRADE_CLOSED,,,,,,,,,,,,,,,,
90,2/20/2020 16:00,CST,DAILY_FINANCING,,,,,,,,,,,-0.0882,,,,,,5005.28
,2/20/2020 16:00,CST,DAILY_FINANCING,TradeID: 65,EUR/USD,,,,,,,,,-0.0482,,,,,,
,2/20/2020 16:00,CST,DAILY_FINANCING,TradeID: 9,EUR/USD,,,,,,,,,0.0035,,,,,,
,2/20/2020 16:00,CST,DAILY_FINANCING,TradeID: 77,EUR/USD,,,,,,,,,0.0035,,,,,,
,2/20/2020 16:00,CST,DAILY_FINANCING,TradeID: 85,USD/JPY,,,,,,,,,-0.0081,,,,,,
,2/20/2020 16:00,CST,DAILY_FINANCING,TradeID: 73,USD/DKK,,,,,,,,,-0.0097,,,,,,
,2/20/2020 16:00,CST,DAILY_FINANCING,TradeID: 46,USD/MXN,,,,,,,,,-0.0181,,,,,,
,2/20/2020 16:00,CST,DAILY_FINANCING,TradeID: 69,USD/CNH,,,,,,,,,-0.008,,,,,,
,2/20/2020 16:00,CST,DAILY_FINANCING,TradeID: 81,USD/CNH,,,,,,,,,-0.0019,,,,,,
,2/20/2020 16:00,CST,DAILY_FINANCING,TradeID: 50,NZD/USD,,,,,,,,,-0.0012,,,,,,
91,2/21/2020 1:02,CST,ORDER_FILL,TAKE_PROFIT_ORDER,USD/MXN,18.90001,100,Sell,0.0165,,,,,0,0,0,,1.8439,,5007.12
92,2/21/2020 1:02,CST,ORDER_CANCEL,LINKED_TRADE_CLOSED,,,,,,,,,,,,,,,,
93,2/21/2020 9:07,CST,ORDER_FILL,TAKE_PROFIT_ORDER,USD/DKK,6.88574,100,Buy,0.0108,,,,,0,0,0,,0.4351,,5007.55
94,2/21/2020 9:07,CST,ORDER_CANCEL,LINKED_TRADE_CLOSED,,,,,,,,,,,,,,,,
95,2/21/2020 12:47,CST,MARKET_ORDER,CLIENT_ORDER,USD/MXN,,1,Sell,,19.2,,18.55,,,,,,,,
96,2/21/2020 12:47,CST,ORDER_FILL,MARKET_ORDER,USD/MXN,18.85935,1,Sell,0.0001,,,,,0,0,0,,0,,5007.55
97,2/21/2020 12:47,CST,TAKE_PROFIT_ORDER,ON_FILL,,18.55,,,,,,,,,,,,,,
98,2/21/2020 12:47,CST,STOP_LOSS_ORDER,ON_FILL,,19.2,,,,,,,,,,,,,,
99,2/21/2020 12:48,CST,MARKET_ORDER,CLIENT_ORDER,USD/MXN,,7000,Sell,,19.05,,18.55,,,,,,,,
100,2/21/2020 12:48,CST,ORDER_FILL,MARKET_ORDER,USD/MXN,18.8625,7000,Sell,0.6568,,,,,0,0,0,,0,,5007.55
101,2/21/2020 12:48,CST,TAKE_PROFIT_ORDER,ON_FILL,,18.55,,,,,,,,,,,,,,
102,2/21/2020 12:48,CST,STOP_LOSS_ORDER,ON_FILL,,19.05,,,,,,,,,,,,,,
103,2/21/2020 12:48,CST,TRADE_CLIENT_EXTENSIONS_MODIFY,,,,,,,,,,,,,,,,,
104,2/21/2020 16:00,CST,DAILY_FINANCING,,,,,,,,,,,0.7399,,,,,,5008.29
,2/21/2020 16:00,CST,DAILY_FINANCING,TradeID: 65,EUR/USD,,,,,,,,,-0.0484,,,,,,
,2/21/2020 16:00,CST,DAILY_FINANCING,TradeID: 9,EUR/USD,,,,,,,,,0.0035,,,,,,
,2/21/2020 16:00,CST,DAILY_FINANCING,TradeID: 77,EUR/USD,,,,,,,,,0.0035,,,,,,
,2/21/2020 16:00,CST,DAILY_FINANCING,TradeID: 85,USD/JPY,,,,,,,,,0,,,,,,
,2/21/2020 16:00,CST,DAILY_FINANCING,TradeID: 96,USD/MXN,,,,,,,,,0.0001,,,,,,
,2/21/2020 16:00,CST,DAILY_FINANCING,TradeID: 100,USD/MXN,,,,,,,,,0.7901,,,,,,
,2/21/2020 16:00,CST,DAILY_FINANCING,TradeID: 69,USD/CNH,,,,,,,,,-0.0079,,,,,,
,2/21/2020 16:00,CST,DAILY_FINANCING,TradeID: 81,USD/CNH,,,,,,,,,0.0002,,,,,,
,2/21/2020 16:00,CST,DAILY_FINANCING,TradeID: 50,NZD/USD,,,,,,,,,-0.0012,,,,,,
105,2/22/2020 16:00,CST,DAILY_FINANCING,,,,,,,,,,,0,,,,,,5008.29
,2/22/2020 16:00,CST,DAILY_FINANCING,TradeID: 65,EUR/USD,,,,,,,,,0,,,,,,
,2/22/2020 16:00,CST,DAILY_FINANCING,TradeID: 9,EUR/USD,,,,,,,,,0,,,,,,
,2/22/2020 16:00,CST,DAILY_FINANCING,TradeID: 77,EUR/USD,,,,,,,,,0,,,,,,
,2/22/2020 16:00,CST,DAILY_FINANCING,TradeID: 85,USD/JPY,,,,,,,,,0,,,,,,
,2/22/2020 16:00,CST,DAILY_FINANCING,TradeID: 96,USD/MXN,,,,,,,,,0,,,,,,
,2/22/2020 16:00,CST,DAILY_FINANCING,TradeID: 100,USD/MXN,,,,,,,,,0,,,,,,
,2/22/2020 16:00,CST,DAILY_FINANCING,TradeID: 69,USD/CNH,,,,,,,,,0,,,,,,
,2/22/2020 16:00,CST,DAILY_FINANCING,TradeID: 81,USD/CNH,,,,,,,,,0,,,,,,
,2/22/2020 16:00,CST,DAILY_FINANCING,TradeID: 50,NZD/USD,,,,,,,,,0,,,,,,
106,2/23/2020 16:00,CST,DAILY_FINANCING,,,,,,,,,,,0,,,,,,5008.29
,2/23/2020 16:00,CST,DAILY_FINANCING,TradeID: 65,EUR/USD,,,,,,,,,0,,,,,,
,2/23/2020 16:00,CST,DAILY_FINANCING,TradeID: 9,EUR/USD,,,,,,,,,0,,,,,,
,2/23/2020 16:00,CST,DAILY_FINANCING,TradeID: 77,EUR/USD,,,,,,,,,0,,,,,,
,2/23/2020 16:00,CST,DAILY_FINANCING,TradeID: 85,USD/JPY,,,,,,,,,0,,,,,,
,2/23/2020 16:00,CST,DAILY_FINANCING,TradeID: 96,USD/MXN,,,,,,,,,0,,,,,,
,2/23/2020 16:00,CST,DAILY_FINANCING,TradeID: 100,USD/MXN,,,,,,,,,0,,,,,,
,2/23/2020 16:00,CST,DAILY_FINANCING,TradeID: 69,USD/CNH,,,,,,,,,0,,,,,,
,2/23/2020 16:00,CST,DAILY_FINANCING,TradeID: 81,USD/CNH,,,,,,,,,0,,,,,,
,2/23/2020 16:00,CST,DAILY_FINANCING,TradeID: 50,NZD/USD,,,,,,,,,0,,,,,,
107,2/23/2020 18:39,CST,MARKET_ORDER,CLIENT_ORDER,USD/CNH,,1250,Sell,,7.14868,,6.94868,,,,,,,,
108,2/23/2020 18:39,CST,ORDER_FILL,MARKET_ORDER,USD/CNH,7.04871,1250,Sell,0.1924,,,,,0,0,0,,0,,5008.29
109,2/23/2020 18:39,CST,TAKE_PROFIT_ORDER,ON_FILL,,6.94868,,,,,,,,,,,,,,
110,2/23/2020 18:39,CST,STOP_LOSS_ORDER,ON_FILL,,7.14868,,,,,,,,,,,,,,
111,2/23/2020 18:39,CST,TRADE_CLIENT_EXTENSIONS_MODIFY,,,,,,,,,,,,,,,,,
112,2/23/2020 18:46,CST,ORDER_FILL,STOP_LOSS_ORDER,USD/MXN,19.05006,7000,Buy,1.3929,,,,,0,0,0,,-68.9469,,4939.35
113,2/23/2020 18:46,CST,ORDER_CANCEL,LINKED_TRADE_CLOSED,,,,,,,,,,,,,,,,
114,2/24/2020 8:12,CST,ORDER_FILL,STOP_LOSS_ORDER,USD/MXN,19.20001,1,Buy,0.0001,,,,,0,0,0,,-0.0177,,4939.33
115,2/24/2020 8:12,CST,ORDER_CANCEL,LINKED_TRADE_CLOSED,,,,,,,,,,,,,,,,
116,2/24/2020 16:00,CST,DAILY_FINANCING,,,,,,,,,,,-0.0666,,,,,,4939.26
,2/24/2020 16:00,CST,DAILY_FINANCING,TradeID: 65,EUR/USD,,,,,,,,,-0.0485,,,,,,
,2/24/2020 16:00,CST,DAILY_FINANCING,TradeID: 9,EUR/USD,,,,,,,,,0.0035,,,,,,
,2/24/2020 16:00,CST,DAILY_FINANCING,TradeID: 77,EUR/USD,,,,,,,,,0.0035,,,,,,
,2/24/2020 16:00,CST,DAILY_FINANCING,TradeID: 85,USD/JPY,,,,,,,,,-0.0082,,,,,,
,2/24/2020 16:00,CST,DAILY_FINANCING,TradeID: 69,USD/CNH,,,,,,,,,-0.0093,,,,,,
,2/24/2020 16:00,CST,DAILY_FINANCING,TradeID: 81,USD/CNH,,,,,,,,,-0.0005,,,,,,
,2/24/2020 16:00,CST,DAILY_FINANCING,TradeID: 108,USD/CNH,,,,,,,,,-0.0058,,,,,,
,2/24/2020 16:00,CST,DAILY_FINANCING,TradeID: 50,NZD/USD,,,,,,,,,-0.0013,,,,,,
117,2/25/2020 9:25,CST,ORDER_FILL,TAKE_PROFIT_ORDER,USD/JPY,110.106,100,Buy,0.0073,,,,,0,0,0,,1.8164,,4941.08
118,2/25/2020 9:25,CST,ORDER_CANCEL,LINKED_TRADE_CLOSED,,,,,,,,,,,,,,,,
119,2/25/2020 16:00,CST,DAILY_FINANCING,,,,,,,,,,,-0.0585,,,,,,4941.02
,2/25/2020 16:00,CST,DAILY_FINANCING,TradeID: 65,EUR/USD,,,,,,,,,-0.0485,,,,,,
,2/25/2020 16:00,CST,DAILY_FINANCING,TradeID: 9,EUR/USD,,,,,,,,,0.0035,,,,,,
,2/25/2020 16:00,CST,DAILY_FINANCING,TradeID: 77,EUR/USD,,,,,,,,,0.0035,,,,,,
,2/25/2020 16:00,CST,DAILY_FINANCING,TradeID: 69,USD/CNH,,,,,,,,,-0.0094,,,,,,
,2/25/2020 16:00,CST,DAILY_FINANCING,TradeID: 81,USD/CNH,,,,,,,,,-0.0005,,,,,,
,2/25/2020 16:00,CST,DAILY_FINANCING,TradeID: 108,USD/CNH,,,,,,,,,-0.0058,,,,,,
,2/25/2020 16:00,CST,DAILY_FINANCING,TradeID: 50,NZD/USD,,,,,,,,,-0.0013,,,,,,
120,2/26/2020 16:00,CST,DAILY_FINANCING,,,,,,,,,,,-0.1422,,,,,,4940.88
,2/26/2020 16:00,CST,DAILY_FINANCING,TradeID: 65,EUR/USD,,,,,,,,,-0.1452,,,,,,
,2/26/2020 16:00,CST,DAILY_FINANCING,TradeID: 9,EUR/USD,,,,,,,,,0.0108,,,,,,
,2/26/2020 16:00,CST,DAILY_FINANCING,TradeID: 77,EUR/USD,,,,,,,,,0.0108,,,,,,
,2/26/2020 16:00,CST,DAILY_FINANCING,TradeID: 69,USD/CNH,,,,,,,,,-0.019,,,,,,
,2/26/2020 16:00,CST,DAILY_FINANCING,TradeID: 81,USD/CNH,,,,,,,,,0.0003,,,,,,
,2/26/2020 16:00,CST,DAILY_FINANCING,TradeID: 108,USD/CNH,,,,,,,,,0.0041,,,,,,
,2/26/2020 16:00,CST,DAILY_FINANCING,TradeID: 50,NZD/USD,,,,,,,,,-0.004,,,,,,
121,2/26/2020 18:10,CST,ORDER_FILL,STOP_LOSS_ORDER,EUR/USD,1.09106,100,Buy,0.009,,,,,0,0,0,,-1.001,,4939.88
122,2/26/2020 18:10,CST,ORDER_CANCEL,LINKED_TRADE_CLOSED,,,,,,,,,,,,,,,,
123,2/27/2020 4:11,CST,ORDER_FILL,TAKE_PROFIT_ORDER,USD/CNH,7.01091,100,Buy,0.0076,,,,,0,0,0,,0.357,,4940.23
124,2/27/2020 4:11,CST,ORDER_CANCEL,LINKED_TRADE_CLOSED,,,,,,,,,,,,,,,,
125,2/27/2020 16:00,CST,DAILY_FINANCING,,,,,,,,,,,-0.0743,,,,,,4940.16
,2/27/2020 16:00,CST,DAILY_FINANCING,TradeID: 65,EUR/USD,,,,,,,,,-0.0487,,,,,,
,2/27/2020 16:00,CST,DAILY_FINANCING,TradeID: 9,EUR/USD,,,,,,,,,0.0035,,,,,,
,2/27/2020 16:00,CST,DAILY_FINANCING,TradeID: 69,USD/CNH,,,,,,,,,-0.0059,,,,,,
,2/27/2020 16:00,CST,DAILY_FINANCING,TradeID: 108,USD/CNH,,,,,,,,,-0.0219,,,,,,
,2/27/2020 16:00,CST,DAILY_FINANCING,TradeID: 50,NZD/USD,,,,,,,,,-0.0013,,,,,,
126,2/28/2020 5:57,CST,ORDER_FILL,TAKE_PROFIT_ORDER,NZD/USD,0.6232,100,Buy,0.0085,,,,,0,0,0,,2.001,,4942.16
127,2/28/2020 5:57,CST,ORDER_CANCEL,LINKED_TRADE_CLOSED,,,,,,,,,,,,,,,,
128,2/28/2020 14:19,CST,ORDER_FILL,STOP_LOSS_ORDER,USD/CNH,6.97878,100,Sell,0.0251,,,,,0,0,0,,-0.8615,,4941.3
129,2/28/2020 14:19,CST,ORDER_CANCEL,LINKED_TRADE_CLOSED,,,,,,,,,,,,,,,,
130,2/28/2020 16:00,CST,DAILY_FINANCING,,,,,,,,,,,-0.0616,,,,,,4941.24
,2/28/2020 16:00,CST,DAILY_FINANCING,TradeID: 65,EUR/USD,,,,,,,,,-0.0506,,,,,,
,2/28/2020 16:00,CST,DAILY_FINANCING,TradeID: 9,EUR/USD,,,,,,,,,0.0037,,,,,,
,2/28/2020 16:00,CST,DAILY_FINANCING,TradeID: 108,USD/CNH,,,,,,,,,-0.0147,,,,,,
131,2/29/2020 16:00,CST,DAILY_FINANCING,,,,,,,,,,,0,,,,,,4941.24
,2/29/2020 16:00,CST,DAILY_FINANCING,TradeID: 65,EUR/USD,,,,,,,,,0,,,,,,
,2/29/2020 16:00,CST,DAILY_FINANCING,TradeID: 9,EUR/USD,,,,,,,,,0,,,,,,
,2/29/2020 16:00,CST,DAILY_FINANCING,TradeID: 108,USD/CNH,,,,,,,,,0,,,,,,
132,3/1/2020 16:00,CST,DAILY_FINANCING,,,,,,,,,,,0,,,,,,4941.24
,3/1/2020 16:00,CST,DAILY_FINANCING,TradeID: 65,EUR/USD,,,,,,,,,0,,,,,,
,3/1/2020 16:00,CST,DAILY_FINANCING,TradeID: 9,EUR/USD,,,,,,,,,0,,,,,,
,3/1/2020 16:00,CST,DAILY_FINANCING,TradeID: 108,USD/CNH,,,,,,,,,0,,,,,,
133,3/2/2020 5:56,CST,ORDER_FILL,STOP_LOSS_ORDER,EUR/USD,1.11149,100,Buy,0.007,,,,,0,0,0,,-2,,4939.24
134,3/2/2020 5:56,CST,ORDER_CANCEL,LINKED_TRADE_CLOSED,,,,,,,,,,,,,,,,
135,3/2/2020 16:00,CST,DAILY_FINANCING,,,,,,,,,,,-0.0937,,,,,,4939.14
,3/2/2020 16:00,CST,DAILY_FINANCING,TradeID: 65,EUR/USD,,,,,,,,,-0.054,,,,,,
,3/2/2020 16:00,CST,DAILY_FINANCING,TradeID: 108,USD/CNH,,,,,,,,,-0.0397,,,,,,
136,3/3/2020 9:40,CST,ORDER_FILL,TAKE_PROFIT_ORDER,USD/CNH,6.94866,1250,Buy,0.098,,,,,0,0,0,,17.9981,,4957.14
137,3/3/2020 9:40,CST,ORDER_CANCEL,LINKED_TRADE_CLOSED,,,,,,,,,,,,,,,,
138,3/3/2020 16:00,CST,DAILY_FINANCING,,,,,,,,,,,-0.0501,,,,,,4957.09
,3/3/2020 16:00,CST,DAILY_FINANCING,TradeID: 65,EUR/USD,,,,,,,,,-0.0501,,,,,,
139,3/4/2020 16:00,CST,DAILY_FINANCING,,,,,,,,,,,-0.1311,,,,,,4956.96
,3/4/2020 16:00,CST,DAILY_FINANCING,TradeID: 65,EUR/USD,,,,,,,,,-0.1311,,,,,,
140,3/5/2020 7:37,CST,MARKET_ORDER,CLIENT_ORDER,USD/MXN,,100,Buy,,19.04,,20.05,,,,,,,,
141,3/5/2020 7:37,CST,ORDER_FILL,MARKET_ORDER,USD/MXN,19.7833,100,Buy,0.0139,,,,,0,0,0,,0,,4956.96
142,3/5/2020 7:37,CST,TAKE_PROFIT_ORDER,ON_FILL,,20.05,,,,,,,,,,,,,,
143,3/5/2020 7:37,CST,STOP_LOSS_ORDER,ON_FILL,,19.04,,,,,,,,,,,,,,
144,3/5/2020 7:38,CST,MARKET_ORDER,CLIENT_ORDER,USD/CZK,,150,Buy,,19,,26,,,,,,,,
145,3/5/2020 7:38,CST,ORDER_FILL,MARKET_ORDER,USD/CZK,22.68593,150,Buy,0.0248,,,,,0,0,0,,0,,4956.96
146,3/5/2020 7:38,CST,TAKE_PROFIT_ORDER,ON_FILL,,26,,,,,,,,,,,,,,
147,3/5/2020 7:38,CST,STOP_LOSS_ORDER,ON_FILL,,19,,,,,,,,,,,,,,
148,3/5/2020 7:46,CST,MARKET_ORDER,CLIENT_ORDER,EUR/USD,,1500,Buy,,1,,1.3,,,,,,,,
149,3/5/2020 7:46,CST,ORDER_FILL,MARKET_ORDER,EUR/USD,1.11822,1500,Buy,0.0975,,,,,0,0,0,,0,,4956.96
150,3/5/2020 7:46,CST,TAKE_PROFIT_ORDER,ON_FILL,,1.3,,,,,,,,,,,,,,
151,3/5/2020 7:46,CST,STOP_LOSS_ORDER,ON_FILL,,1,,,,,,,,,,,,,,
152,3/5/2020 7:46,CST,TRADE_CLIENT_EXTENSIONS_MODIFY,,,,,,,,,,,,,,,,,
153,3/5/2020 7:46,CST,MARKET_ORDER,CLIENT_ORDER,GBP/USD,,1500,Sell,,1.4,,1.2,,,,,,,,
154,3/5/2020 7:46,CST,ORDER_FILL,MARKET_ORDER,GBP/USD,1.29156,1500,Sell,0.1125,,,,,0,0,0,,0,,4956.96
155,3/5/2020 7:46,CST,TAKE_PROFIT_ORDER,ON_FILL,,1.2,,,,,,,,,,,,,,
156,3/5/2020 7:46,CST,STOP_LOSS_ORDER,ON_FILL,,1.4,,,,,,,,,,,,,,
157,3/5/2020 7:46,CST,TRADE_CLIENT_EXTENSIONS_MODIFY,,,,,,,,,,,,,,,,,
158,3/5/2020 7:51,CST,MARKET_ORDER,CLIENT_ORDER,USD/CHF,,2500,Buy,,0.91,,0.958,,,,,,,,
159,3/5/2020 7:51,CST,ORDER_FILL,MARKET_ORDER,USD/CHF,0.95253,2500,Buy,0.1837,,,,,0,0,0,,0,,4956.96
160,3/5/2020 7:51,CST,TAKE_PROFIT_ORDER,ON_FILL,,0.958,,,,,,,,,,,,,,
161,3/5/2020 7:51,CST,STOP_LOSS_ORDER,ON_FILL,,0.91,,,,,,,,,,,,,,
162,3/5/2020 7:51,CST,TRADE_CLIENT_EXTENSIONS_MODIFY,,,,,,,,,,,,,,,,,
163,3/5/2020 16:00,CST,DAILY_FINANCING,,,,,,,,,,,-0.1632,,,,,,4956.8
,3/5/2020 16:00,CST,DAILY_FINANCING,TradeID: 65,EUR/USD,,,,,,,,,-0.0442,,,,,,
,3/5/2020 16:00,CST,DAILY_FINANCING,TradeID: 149,EUR/USD,,,,,,,,,-0.1325,,,,,,
,3/5/2020 16:00,CST,DAILY_FINANCING,TradeID: 159,USD/CHF,,,,,,,,,0.0726,,,,,,
,3/5/2020 16:00,CST,DAILY_FINANCING,TradeID: 145,USD/CZK,,,,,,,,,-0.0178,,,,,,
,3/5/2020 16:00,CST,DAILY_FINANCING,TradeID: 141,USD/MXN,,,,,,,,,-0.0184,,,,,,
,3/5/2020 16:00,CST,DAILY_FINANCING,TradeID: 154,GBP/USD,,,,,,,,,-0.0229,,,,,,
164,3/5/2020 21:14,CST,ORDER_FILL,TAKE_PROFIT_ORDER,USD/MXN,20.05051,100,Sell,0.0312,,,,,0,0,0,,1.3319,,4958.13
165,3/5/2020 21:14,CST,ORDER_CANCEL,LINKED_TRADE_CLOSED,,,,,,,,,,,,,,,,
166,3/6/2020 16:00,CST,DAILY_FINANCING,,,,,,,,,,,-0.1487,,,,,,4957.98
,3/6/2020 16:00,CST,DAILY_FINANCING,TradeID: 65,EUR/USD,,,,,,,,,-0.0455,,,,,,
,3/6/2020 16:00,CST,DAILY_FINANCING,TradeID: 149,EUR/USD,,,,,,,,,-0.1364,,,,,,
,3/6/2020 16:00,CST,DAILY_FINANCING,TradeID: 159,USD/CHF,,,,,,,,,0.0747,,,,,,
,3/6/2020 16:00,CST,DAILY_FINANCING,TradeID: 145,USD/CZK,,,,,,,,,-0.0163,,,,,,
,3/6/2020 16:00,CST,DAILY_FINANCING,TradeID: 154,GBP/USD,,,,,,,,,-0.0252,,,,,,
167,3/7/2020 16:00,CST,DAILY_FINANCING,,,,,,,,,,,0,,,,,,4957.98
,3/7/2020 16:00,CST,DAILY_FINANCING,TradeID: 65,EUR/USD,,,,,,,,,0,,,,,,
,3/7/2020 16:00,CST,DAILY_FINANCING,TradeID: 149,EUR/USD,,,,,,,,,0,,,,,,
,3/7/2020 16:00,CST,DAILY_FINANCING,TradeID: 159,USD/CHF,,,,,,,,,0,,,,,,
,3/7/2020 16:00,CST,DAILY_FINANCING,TradeID: 145,USD/CZK,,,,,,,,,0,,,,,,
,3/7/2020 16:00,CST,DAILY_FINANCING,TradeID: 154,GBP/USD,,,,,,,,,0,,,,,,
168,3/8/2020 15:00,CST,DAILY_FINANCING,,,,,,,,,,,0,,,,,,4957.98
,3/8/2020 15:00,CST,DAILY_FINANCING,TradeID: 65,EUR/USD,,,,,,,,,0,,,,,,
,3/8/2020 15:00,CST,DAILY_FINANCING,TradeID: 149,EUR/USD,,,,,,,,,0,,,,,,
,3/8/2020 15:00,CST,DAILY_FINANCING,TradeID: 159,USD/CHF,,,,,,,,,0,,,,,,
,3/8/2020 15:00,CST,DAILY_FINANCING,TradeID: 145,USD/CZK,,,,,,,,,0,,,,,,
,3/8/2020 15:00,CST,DAILY_FINANCING,TradeID: 154,GBP/USD,,,,,,,,,0,,,,,,
169,3/9/2020 15:00,CST,DAILY_FINANCING,,,,,,,,,,,-0.1718,,,,,,4957.81
,3/9/2020 15:00,CST,DAILY_FINANCING,TradeID: 65,EUR/USD,,,,,,,,,-0.0467,,,,,,
,3/9/2020 15:00,CST,DAILY_FINANCING,TradeID: 149,EUR/USD,,,,,,,,,-0.1402,,,,,,
,3/9/2020 15:00,CST,DAILY_FINANCING,TradeID: 159,USD/CHF,,,,,,,,,0.0664,,,,,,
,3/9/2020 15:00,CST,DAILY_FINANCING,TradeID: 145,USD/CZK,,,,,,,,,-0.026,,,,,,
,3/9/2020 15:00,CST,DAILY_FINANCING,TradeID: 154,GBP/USD,,,,,,,,,-0.0253,,,,,,
170,3/10/2020 15:00,CST,DAILY_FINANCING,,,,,,,,,,,-0.1615,,,,,,4957.65
,3/10/2020 15:00,CST,DAILY_FINANCING,TradeID: 65,EUR/USD,,,,,,,,,-0.0487,,,,,,
,3/10/2020 15:00,CST,DAILY_FINANCING,TradeID: 149,EUR/USD,,,,,,,,,-0.1461,,,,,,
,3/10/2020 15:00,CST,DAILY_FINANCING,TradeID: 159,USD/CHF,,,,,,,,,0.0767,,,,,,
,3/10/2020 15:00,CST,DAILY_FINANCING,TradeID: 145,USD/CZK,,,,,,,,,-0.0243,,,,,,
,3/10/2020 15:00,CST,DAILY_FINANCING,TradeID: 154,GBP/USD,,,,,,,,,-0.0191,,,,,,
171,3/11/2020 15:00,CST,DAILY_FINANCING,,,,,,,,,,,-0.4629,,,,,,4957.19
,3/11/2020 15:00,CST,DAILY_FINANCING,TradeID: 65,EUR/USD,,,,,,,,,-0.1374,,,,,,
,3/11/2020 15:00,CST,DAILY_FINANCING,TradeID: 149,EUR/USD,,,,,,,,,-0.4123,,,,,,
,3/11/2020 15:00,CST,DAILY_FINANCING,TradeID: 159,USD/CHF,,,,,,,,,0.1959,,,,,,
,3/11/2020 15:00,CST,DAILY_FINANCING,TradeID: 145,USD/CZK,,,,,,,,,-0.0806,,,,,,
,3/11/2020 15:00,CST,DAILY_FINANCING,TradeID: 154,GBP/USD,,,,,,,,,-0.0285,,,,,,
